<?xml version="1.0" encoding="UTF-8"?>
<beans:beans xmlns="http://www.springframework.org/schema/mvc"
	xmlns:xsi="http://www.w3.org/2001/XMLSchema-instance"
	xmlns:beans="http://www.springframework.org/schema/beans"
	xmlns:context="http://www.springframework.org/schema/context"
    xmlns:tx="http://www.springframework.org/schema/tx"       
    xmlns:mvc="http://www.springframework.org/schema/mvc"    
	xsi:schemaLocation="http://www.springframework.org/schema/mvc http://www.springframework.org/schema/mvc/spring-mvc.xsd
		http://www.springframework.org/schema/beans http://www.springframework.org/schema/beans/spring-beans.xsd
		http://www.springframework.org/schema/context http://www.springframework.org/schema/context/spring-context.xsd
        http://www.springframework.org/schema/tx
        http://www.springframework.org/schema/tx/spring-tx-3.0.xsd">

	<!-- ======================================================================================= -->
	<!-- [RequestMappingHandlerMapping 객체], [RequestMappingHandlerAdapter 객체] 등을 bean 태그로 자동 등록한다.-->
	<!-- [RequestMappingHandlerMapping 객체] => 클라이언트의 URL 접속 시 @Controller 가 붙은 [클래스]를 검색함.-->
	<!-- [RequestMappingHandlerAdapter 객체] => RequestMappingHandlerMapping 객체가 검색한 [클래스] 내부의 -->
    <!--	                                    @RequestMapping(value="요청 URL") 가 붙은  메소드를 실행하고 결과를 리턴하여-->
    <!--                                        DispatcherServlet 객체로 전달함 -->
	<!-- ======================================================================================= -->
	<mvc:annotation-driven/>
	
	<!-- ======================================================================================= -->
	<!-- 특정 가상 URI 주소 패턴을 실제 위치 주소로 바꾸도록 설정한다.-->
	<!-- 	mapping 속성값  => 가상 주소 패턴 설정.   -->
	<!-- 	location 속성값 => 실제 위치 주소 설정. URL 로 접근 불가능한 경로도 가능함. <주의>맨 뒤에 / 가 있어야함. -->
	<!-- 	                   주로 css, 이미지, js  파일을 URL 로 접근 불가능한 경로에 숨겨 사용할 때 설정함.   -->
	<!-- ======================================================================================= -->
	<resources mapping="/resources/**" location="/WEB-INF/resources/" />
	
	<!-- ======================================================================================= -->
	<!-- 파일업 로드를 관리하는 [CommonsMultipartResolver 객체] 정보 등록  -->
	<!-- ======================================================================================= -->
	<beans:bean id="multipartResolver"  class="org.springframework.web.multipart.commons.CommonsMultipartResolver" >
		<beans:property name="maxUploadSize" value="1000000"/>
	</beans:bean>
	
	<!-- ======================================================================================= -->
	<!-- [DB 연동 결과물]을 반영할 페이지를 관리하는 [InternalResourceViewResolver 객체]를 bean 태그로 등록한다. -->
  	<!-- 	속성변수 viewClass 에 [응답 데이터]를 [JSP 페이지]에 적용시키는 로직을 제공하는 [JstlView 객체명]를 등록한다.-->
  	<!-- 	속성변수 prefix 에 [JSP 페이지명]의 접두사를 지정한다..-->
  	<!-- 	속성변수 suffix 에 [JSP 페이지명]의 접미사를 지정한다..-->
  	<!-- 	<참고>JstlView 객체는 [View 인터페이스 구현 클래스]이다-->
	<!-- 	<참고>InternalResourceViewResolver 객체는 [ViewResolver 인터페이스 구현 클래스]이다-->
	<!-- ======================================================================================= -->
	<beans:bean class="org.springframework.web.servlet.view.InternalResourceViewResolver">
		<beans:property name="viewClass" value="org.springframework.web.servlet.view.JstlView"/>
		<beans:property name="prefix" value="/WEB-INF/views/" />
		<!-- <beans:property name="suffix" value=".jsp" /> -->
	</beans:bean>
	
	<!-- ======================================================================================= -->
	<!-- 지정한 패키지에 속하는 모든 하위 [컨트롤러 클래스], [서비스 클래스], [DAO 클래스] 등을 bean 태그로 등록한다.-->
	<!-- bean 태그로 등록한 객체만이 스프링크레임워크가 사용한다.-->
	<!-- 	단 [컨트롤러 클래스]는 @Controller 가 붙어야함-->
	<!-- 	단 [서비스 클래스]는 @Service 가 붙어야함-->
	<!-- 	단 [DAO 클래스]는 @Repository 가 붙어야함-->
	<!-- ======================================================================================= -->
	<context:component-scan base-package="com.report.ware" /> 
	
	<!-- ============================================================================================= -->
	<!-- 현재 이 스프링 설정 파일 안에서 bean 태그로 등록된 [서비스 클래스] 또는 [DAO 클래스]의 클래스명 앞, 메서드 앞에  -->
	<!-- @Transactional 붙여 [트랜잭션]을 처리하도록 해주는 객체들을 등록하기. -->
	<!-- <주의> 만약 아래 설정을 root-context.xml 파일로 이동해 삽입하면 위 com.report.ware 패키지 안의 클래스 안에서는 -->
	<!--        트랜잭션을 처리하지 못한다. -->
	<!-- ============================================================================================= -->
	<tx:annotation-driven transaction-manager="transactionManager"/>
	
	<!-- ============================================================================================= -->
	<!-- 클라이언트의 [접속 URL 패턴]에 대응하는 [컨트롤러 클래스의 메소드]의 호출 전 또는 후에--> 
	<!-- 설정한 접속 URL 패턴에 따라 자동 호출할 메소드를 소유하고 있는 클래스를 지정-->
	<!-- 자동 호출할 메소드를 소유하고 있는 클래스는 HandlerInterceptorAdapter 클래스를 상속받는다.-->
	<!-- ============================================================================================= -->
	<!-- 
		==================================
		설정 방법은 아래와 같다.
		==================================
		<interceptors>
	        <interceptor>
				<mapping path="클의 접속 URL 패턴" />                             
	            <exclude-mapping path="클의 접속 URL 패턴에서 제외될 URL 패턴"/> 
	            <exclude-mapping path="/loginProc.do"/>   
	            <beans:bean class="자동 호출할 메소드를 소유하고 있는 클래스명"></beans:bean>         
	        </interceptor>        
	    </interceptors>  
	-->
	<!-- 
	<interceptors>
        <interceptor>
			<mapping path="/**/*" />                    
            <exclude-mapping path="/loginForm.do"/>
            <exclude-mapping path="/loginProc.do"/>
            <beans:bean class="com.naver.erp.SessionInterceptor"></beans:bean>            
        </interceptor>        
    </interceptors>  
    -->
	 
	<mvc:interceptors>
        <mvc:interceptor>
			<mvc:mapping path="/**"/>                  
            <mvc:exclude-mapping path="/loginForm.do"/>
            <mvc:exclude-mapping path="/loginProc.do"/>                  
            <mvc:exclude-mapping path="/joinForm.do"/>
            <mvc:exclude-mapping path="/joinProc.do"/>
            <mvc:exclude-mapping path="/findloginForm.do"/>
            <mvc:exclude-mapping path="/resources/**"/>
            <beans:bean class="com.report.ware.SessionInterceptor"></beans:bean>         
        </mvc:interceptor>        
    </mvc:interceptors>   
</beans:beans>